time,x,y,theta,particle
0.0,76.87377589939182,70.8736212761571,60.96184860035945,0
0.04452359750667854,76.87377589939182,70.8736212761571,61.18282319543838,0
0.08904719501335707,76.87377589939182,70.8736212761571,59.94809561796098,0
0.13357079252003562,77.07890939078445,71.13003814039789,59.32456958652914,0
0.17809439002671415,77.43789300072157,71.74543861457582,53.72193640164993,0
